hospital_id,NO_FANTASIA,NO_LOGRADOURO,Unnamed: 3,EMPRESA_RESP_PSA,EMPRESA_RESP_PSI,EMPRESA_RESP_UTIA,EMPRESA_RESP_UTIPED,EMPRESA_RESP_ANESTESIA,EMPRESA_RESP_UIA,EMPRESA_RESP_UIP,NO_BAIRRO,NU_ENDERECO,CO_CEP,NU_TELEFONE,NU_LATITUDE,NU_LONGITUDE
1,HOSPITAL SANCTA MAGGIORE,RUA JUAGUARIBE,,,,,,,,,VILA BUARQUE,144,1224000,40859000,-23.541.447,-466.515.815
2,HOSPITAL KATIA DE SOUZA RODRIGUES TAIPASSP SAO PAULO,AV ELISIO TEIXEIRA LEITE,,,,,,,,,PARADA DE TAIPAS,6999,2810000,(11) 39730492,-234.442,-467.179
3,HOSPITAL DE TRANSP DO EST DE SP EURYCLIDES DE JESUS ZERBINI,AV BRIGADEIRO LUIZ ANTONIO,,,,,,,,,JARDIM PAULISTA,2651,1401901,(11) 3170-6329,-23.548,-46.636
4,CASA DE DAVID SAO PAULO,RODOVIA FERNAO DIAS,,,,,,,,,PARQUE EDU CHAVES,82,2284000,(11) 2453-6600,-23.548,-46.636
5,SANTA CASA DE SAO PAULO HOSPITAL CENTRAL SAO PAULO,RUA DR CESARIO MOTA JUNIOR,,,,,,,,,VILA BUARQUE,112,1221020,(11) 2176-7000,-23.548,-46.636
6,HOSP MUN FERNANDO MAURO PIRES DA ROCHA,ESTRADA DE ITAPECERICA,,,,,,,,,CAMPO LIMPO,1661,5835005,(11)33947460,-23.648.374,-4.674.881
7,HOSPITAL UNIVERSITARIO DA USP SAO PAULO,AV PROF LINEU PRESTES,,,,,,,,,BUTANTA,2565,5580000,(11) 3091-9316,-23.548,-46.636
8,HOSP MUN JOSANIAS CASTANHA BRAGA,RUA EUZEBIO COGHI,,nan,nan,nan,nan,nan,nan,nan,JARDIM ROSCHEL,841,4883290,,-238.264.629,-467.305.962
9,HOSPITAL SAINT PETER,RUA ESTADO DE ISRAEL,,,,,,,,,VILA CLEMENTINO,747,4022002,59048100,-23.548,-46.636
10,HOSPITAL BDW SP,DOS BANDEIRANTES,,,,,,,,,VILA OLIMPIA,679,4553010,51 35008959,-235.983.622,-466.889.967
11,IMPAR SERVICOS HOSPITALARES FILIAL SANTA PAULA,AVENIDA SANTO AMARO,,,,,,,,,BROOKLIN PAULISTA,2468,4556901,11 30408008,-23.605.637,-4.667.594.421.600.990
12,CLINICA SPATIIUM,RUA JOSE ANTONIO COELHO,,,,,,,,,VILA MARIANA,416,4011061,38844080,-23.548,-46.636
13,INSTITUTO DO CANCER ARNALDO VIEIRA DE CARVALHO,RUA DR CESARIO MOTA JUNIOR,,,,,,,,,VILA BUARQUE,112,1221020,(11) 3367-3844,-235.431.724,-4.664.990.518.769.830
14,HOSPITAL DO RIM E HIPERTENSAO,RUA BORGES LAGOA,,,,,,,,,VILA CLEMENTINO,960,4038002,(11)50878000,-23.548,-46.636
15,HOSPITAL E PRONTO SOCORRO PORTINARI,AVENIDA CANDIDO PORTINARI,,,,,,,,,VILA JAGUARA,455,5114000,,-235.083.164,-467.532.947
16,HOSPITAL JAPONES SANTA CRUZ,R SANTA CRUZ,,,,,,,,,VILA MARIANA,398,4122000,(11)50802000,-23.548,-46.636
17,CENTRO DE REFERENCIA E TREINAMENTO DST AIDS SAO PAULO,RUA SANTA CRUZ,,,,,,,,,VILA MARIANA,81,4121000,(11) 5087-9911,-23.548,-46.636
18,HOSP DA STA CASA DE STO AMARO,RUA ISABEL SCHMIDT,,,,,,,,,SANTO AMARO,59,4743030,(11)55258700,-23.548,-46.636
19,HOSPITAL SIRIO LIBANES UNIDADE ITAIM,JOAQUIM FLORIANO,,,,,,,,,ITAIM BIBI,533,4534011,11 33943801,-23.584.865,-46.675.070
20,HOSP MUN PROF DR WALDOMIRO DE PAULA,RUA AUGUSTO CARLOS BAUMANN,,,,,,,,,ITAQUERA,1074,8210590,(11)33948991,-23.531.008.907.906.000,-464.448.818.564.415
21,HOSPITAL ESPORTE E SAUDE BR SURGERY,FAGUNDES FILHO,,,,,,,,,VILA MONTE ALEGRE,475,4304010,11 4369-4300,-236.271.808,-466.366.057
22,HOSP E MAT STO EXPEDITO,RUA TOMOICHI SHIMIZU,,,,,,,,,ITAQUERA,201,8260140,(11)65217799,-23.548,-46.636
23,HOSPITAL CENTRAL SUL,ESTRADA DE ITAPECERICA,,,,,,,,,CAPAO REDONDO,4659,5858001,(11) 5510-7780,-23.660.140.220.298.100,-4.677.275.776.863.090
24,HOSPITAL DOM PEDRO,AV ALCANTARA MACHADO,,,,,,,,,BRAS,60,3102000,32.780.010,-23.548,-46.636
25,PRO MATRE PAULISTA,SAO CARLOS DO PINHAL,,,,,,,,,BELA VISTA,139,1333001,11 50806049,-2.356.576,-4.664.952
26,HOSPITAL BP,MAEST CARDIM,,,,,,,,,LIBERDADE,769,1323900,,-23.548,-46.636
27,HOSPITAL ESTADUAL COVID 19 BARRADAS,AV ALMIRANTE DELAMARE,,,,,,,,,CIDADE NOVA HELIOPOL,1534,4230000,(11) 2065-1550,-23.548,-46.636
28,HOSPITAL SEPACO,VERGUEIRO,,,,,,,,,VILA MARIANA,4210,4102900,,-23.595.093.945.691.100,-46.627.365.946.769.700
29,HOSPITAL PREVINA,RAIMUNDO PEREIRA DE MAGALHAES,,,,,,,,,JARDIM MARILU,12367,2989095,11 39445400,-234.346.964,-467.228.099
30,HOSPITAL MUNICIPAL GUARAPIRANGA,ESTRADA DA RIVIERA,,,,,,,,,RIVIERA PAULISTA,4742,4916000,(11) 3113-9592,-23.705.922,-46.741.949
31,CLINICAS YUNA,RUA ALVES GUIMARAES,,,,,,,,,PINHEIROS,429,5410000,,-235.585.559,-466.763.459
32,HOSP MUN GILSON DE CASSIA MARQUES DE CARVALHO,AVENIDA SANTA CATARINA,,,,,,,,,VILA MASCOTE,2785,4378200,,-23.548,-46.636
33,API ASSISTENCIA PSIQUIATRICA INTEGRADA,AV INDIANOPOLIS,,,,,,,,,PLANALTO PAULISTA,1903,4063003,(11) 55898844,-23.548,-46.636
34,HOSPITAL CANTAREIRA,AV NOVA CANTAREIRA,,,,,,,,,TUCURUVI,3050,2340000,(11)22033222,-23.548,-46.636
35,HOSPITAL GERAL DO GRAJAU PROF LIBER JOHN ALPHONSE DI DIO SP,RUA FRANCISCO OCTAVIO PACCA,,,,,,,,,PARQUE DAS NACOES,180,4822030,(11) 3544-9444 R:322,-23.548,-46.636
36,CENTRO DE REFERENCIA DA SAUDE DA MULHER,AV RIO BRANCO,,,,,,,,,CAMPOS ELISEOS,1080,1206001,(11) 3367-3900,-23.548,-46.636
37,HOSPITAL VILLA LOBOS,RUA LITUANIA,,,,,,,,,MOOCA,260,3184020,(11) 2076-7005,-235.632.883,-46.589.975.305.883.300
38,HOSP MUN INFANTIL MENINO JESUS,RUA DOS INGLESES,,,,,,,,,BELA VISTA,258,1329000,(11)30160500,-235.599.861,-466.468.609
39,HOSP MUN PROFESSOR DOUTOR ALIPIO CORREA NETTO,ALAMEDA RODRIGO DE BRUM,,,,,,,,,VILA PARANAGUA,1989,3807230,(11)33948030,-23.548,-46.636
40,HOSP MONUMENTO CEHM,RUA LIMA E SILVA,,,,,,,,,IPIRANGA,985,4215020,(11)2915 2277,-23.548,-46.636
41,HOSP MUN MATERNIDADE PROFESSOR MARIO DEGNI,RUA LUCAS DE LEYDE,,,,,,,,,VILA ANTONIO,257,5376010,(11)33949330,-23.578.000,-46.765.000
42,HOSPITAL LEFORTE LIBERDADE,RUA GALVAO BUENO,,,,,,,,,LIBERDADE,257,1506000,(11)33452000,-23.548,-46.636
43,HOSP MUN MAT ESC DR MARIO DE MORAES A SILVA,DEPUTADO EMILIO CARLOS,,,,,,,,,VILA NOVA CACHOEIRIN,3100,2721000,(1139861234 / 1085,-2.348.012,-4.667.261
44,HOSP MUN V NHOCUNE ALEXANDRE ZAIO,ALVES MALDONADO,,,,,,,,,VILA NHOCUNE,S/N,3558050,,-23.542,-465.023
45,CASA DE SAUDE DE SAO JOAO DE DEUS,EST TURISTICA DO JARAGUA,,,,,,,,,PIRITUBA,2365,5161000,(11)39041993,-23.548,-46.636
46,ASSOC CRUZ VERDE,RUA DR DIOGO DE FARIA,,,,,,,,,VILA CLEMENTINO,695,4037002,(11)55797335,-23.548,-46.636
47,HOSP MUN M BOI MIRIM,DO M BOI MIRIM,,,,,,,,,JARDIM ANGELA,5203,4948970,11 58322554,"-23,533394","-46,639973"
48,HOSPITAL INGLES,RUA SILVIA,,,,,,,,,BELA VISTA,193,1331010,11-32849496,-23.548,-46.636
49,HOSPITAL DIA SAO MATEUS DR HENRIQUE CARLOS GONCALVES,RUA SENADOR MAYNARDE GOMES,,,,,,,,,JD TIETE,S/N,3947030,(11)20175530,-235.872.921.222.878,-4.649.209.141.731.260
50,CENTRO HOSPITALAR DO SISTEMA PENITENCIARIO SAO PAULO,RUA DOM JOSE MAURICIO,,,,,,,,,CARANDIRU,15,2028000,(11) 2221-2287,-23.548,-46.636
51,HOSPITAL DIA SEPACO,RUA PEIXOTO GOMIDE,,,,,,,,,BELA VISTA,515,1409001,,-235.584.721,-466.555.034
52,CLINICA ESPEC RENAITRE,RUA JOSE PEREIRA CARDOSO,,,,,,,,,SAO MIGUEL PAULISTA,80,8011310,(11)69567379,-23.548,-46.636
53,HOSPITAL E MATERNIDADE VITORIA,AVENIDA VEREADOR ABEL FERREIRA,,,,,,,,,JARDIM ANALIA FRANCO,S/N,3340000,(11) 3581-1100,-235.580.661,-465.690.743
54,HOSP MUN DR CARMINO CARICCHIO,AV CELSO GARCIA,,,,,,,,,TATUAPE,4815,3063000,(11) 33947001,-23.548,-46.636
55,HOSP MUN JABAQUARA ARTUR RIBEIRO DE SABOYA,FRANCISCO DE PAULA QUINTANILHA RIBEIRO,,,,,,,,,JABAQUARA,860,4330902,,-236.536.386,-466.450.463
56,FUNDACAO FACULDADE DE MEDICINAHCFMUSP INST DE PSIQUIATRIA SP,RUA DR OVIDIO PIRES DE CAMPOS,,,,,,,,,CERQUEIRA CESAR,785,5403000,(11)3087-5456,-23.558.007.796.770.500,-4.667.438.507.080.070
57,HOSP MUN CARMEN PRUDENTE,AV DOS METALURGICOS,,,,,,,,,CIDADE TIRADENTES,1797,8471000,,-23.548,-46.636
58,HOSP MUN IGNACIO PROENCA DE GOUVEA,JUVENTUS,,,,,,,,,PARQUE DA MOOCA,562,3124020,1151780000,-23.571.696.917.589.400,-465.900.993.347.168
59,HOSPITAL DA FACE,RUA IZONZO,,,,,,,,,SACOMA,155,4249000,,-23.548,-46.636
60,HOSPITAL DA LUZ 113,RUA AZEVEDO DE MACEDO,,,,,,,,,JARDIM ZAIRA,113,4013060,(11) 2117-6000,-23.548,-46.636
61,BP MIRANTE,RUA MARTINIANO DE CARVALHO,,,,,,,,,BELA VISTA,965,1321001,,-23.548,-46.636
62,HOSPITAL INFANTIL SABARA,AVENIDA ANGELICA,,,,,,,,,HIGIENOPOLIS,1987,1227200,11-31552800,-23.549.830.030.145.700,-4.665.936.470.031.730
63,INSTITUTO DO CANCER DO ESTADO DE SAO PAULO,AV DR ARNALDO,,,,,,,,,CERQUEIRA CESAR,251,1246000,38932000,-23.548,-46.636
64,HOSP MUN J IVA BENEDITO MONTENEGRO,ANTONIO LAZARO,,,,,,,,,JARDIM IVA,226,3921080,11 51782762,-23.588.040.613.935.200,-46.514.318.481.910.400
65,HOSPITAL MORIAH,MOACI,,,,,,,,,PLANALTO PAULISTA,974,4083002,11 50807800,-2.361.505.545,-4.666.024.016.479.070
66,HC DA FMUSP INSTITUTO DO CORACAO INCOR SAO PAULO,AVENIDA DR ENEAS DE CARVALHO AGUIAR,,,,,,,,,CERQUEIRA CESAR,44,5403000,(11) 2661-5000,-23.548,-46.636
67,INSTITUTO DE INFECTOLOGIA EMILIO RIBAS,DR ARNALDO,,,,,,,,,SUMARE,165,1246900,,-23.555.785.146.876.300,-4.666.719.675.064.080
68,INST CEMA DE OFTALMOLOGIA E OTORRINOLARINGOLOGIA,RUA PASCOAL MOREIRA,,,,,,,,,MOOCA,450,3117000,,-23.548,-46.636
69,CENTRO INTEGR DE ASS E SAUDE NOSSA SENHORA DE FATIMA,JORNALISTA PAULO ZINGG,,,,,,,,,PIRITUBA,1078,5157030,(11)3572-9585,-2.348.661,-4.676.304
70,HOSPITAL GERAL DE VILA PENTEADO DR JOSE PANGELLA SAO PAULO,AV MINISTRO PETRONIO PORTELA,,,,,,,,,JARDIM IRACEMA,1642,2802120,(11) 3976-9911,-23.548,-46.636
71,CAISM DR DAVID CAPISTRANO DA COSTA FILHO DA AGUA FUNDA SP,AVENIDA MIGUEL STEFANO,,,,,,,,,AGUA FUNDA,3030,4301002,(11) 5077-7893,-23.548,-46.636
72,HOSPITAL SAO PAULO HOSPITAL DE ENSINO DA UNIFESP,NAPOLEAO DE BARROS,,,,,,,,,VL CLEMENTINA,715,4024002,,-23.548,-46.636
73,UNIDADE DE GESTAO ASSISTENCIAL II HOSPITAL IPIRANGA SP,AVENIDA NAZARE,,,,,,,,,IPIRANGA,28,4262000,(11) 2067-7799,-23.548,-46.636
74,HOSPITAL SAN GENNARO,PAES DE BARROS,,,,,,,,,MOOCA,1327,3115020,,-2.356.538.111.937.600,-46.594.621.539.115.900
75,HOSP STA MARCELINA SAO PAULO,RUA SANTA MARCELINA,,,,,,,,,ITAQUERA,177,8270070,(11)2070-6293,-23.548,-46.636
76,HOSP DA AERONAUTICA DE SPHASP,OLAVO FONTOURA,,,,,,,,,SANTANA,1400,2012021,,-2.351.384,-4.664.489
77,HOSP MUN CAPELA DO SOCORRO,RUA CASSIO DE CAMPOS NOGUEIRA,,,,,,,,,JARDIM DAS IMBUIAS,2031,4829310,55271060,-23.730.753,-46.713.639
78,HOSPITAL DO SERV PUB EST FCO MORATO DE OLIVEIRA SAO PAULO,RUA PEDRO DE TOLEDO,,,,,,,,,VILA CLEMENTINO,1800,4029000,(11) 4573-8000,-23.548,-46.636
79,HOSP DE OLHOS DE SAO PAULO,AVN CANTAREIRA,,,,,,,,,SANTANA,126,2330000,(11)69507330,-23.548,-46.636
80,HOSPITAL MONTEMAGNO,AVENIDA MONTEMAGNO,,,,,,,,,VILA FORMOSA,241,3371000,11 20764000,-23.548,-46.636
81,HOSPITAL E MATERNIDADE SALVALUS,RUA BRESSER,,,,,,,,,BRAS,1954,3161160,26622000,-235.482.653,-466.024.697
82,HOSP SACRECOEUR,RUA ANTONIO CARLOS,,,,,,,,,CONSOLACAO,122,1309010,11 31709310,-23.548,-46.636
83,HOSPITAL DE CAMPANHA COVID 19 SMS SP PACAEMBU,PRACA CHARLES MILLER,,,,,,,,,PACAEMBU,0,1234010,,-23.557.348,-46.656.227
84,COMPLEXO HOSPITALAR MUNICIPAL SOROCABANA,RUA FAUSTOLO,,,,,,,,,LAPA,1633,5041001,,-23.548,-46.636
85,HOSPITAL SAINT PATRICK,AV CANDIDO PORTINARI,,,,,,,,,VILA JAGUARA,616,5114000,,-235.083.469,-467.551.251
86,SAO LUIZ MATERNIDADE,RUA HELENA,,,,,,,,,VILA OLIMPIA,29,4552050,(11) 2121-1335,-235.312.499,-468.341.173
87,COMPLEXO HOSPITALAR SANTO EXPEDITO,RUA TOMOICHI SHIMIZU,,,,,,,,,FAZENDA CAGUACU IT,201,8260140,,-23.548,-46.636
88,CASA DA CRIANCA BETINHO,RUA VACANGA,,,,,,,,,VIL CARRAO,300,3433020,(11)67817366,-23.548,-46.636
89,HOSPITAL VITAL BRAZIL SAO PAULO,AV VITAL BRAZIL,,,,,,,,,BUTANTA,1500,5503900,(11)37267962,-23.548,-46.636
90,HOSPITAL GERAL DE VILA NOVA CACHOEIRINHA SAO PAULO,AV DEPUTADO EMILIO CARLOS,,,,,,,,,VILA NOVA CACHOEIRIN,3000,2720200,(11) 3859-4822,-23.548,-46.636
91,HOSPITAL ESTADUAL DE SAPOPEMBA SAO PAULO,RUA MANOEL FRANCA DOS SANTOS,,,,,,,,,JARDIM SAPOPEMBA,174,3975130,(11) 2014-6000,-23.548,-46.636
92,HOSPITAL LOCAL DE SAPOPEMBA,RUA IAMACARU,,,,,,,,,PARQUE SANTA MADALEN,45,3982060,(11)20247510,-23.548,-46.636
93,HOSPITAL GERAL SANTA MARCELINA DE ITAIM PAULISTA SAO PAULO,AV MARECHAL TITO,,,,,,,,,ITAIM PAULISTA,6035,8115100,(11) 2563-6302,-23.548,-46.636
94,HOSPITAL E MATERNIDADE SAO MIGUEL,RUA LUIS PICOLO,,,,,,,,,SAO MIGUEL,11,8010320,11 2714-0100,-23.548,-46.636
95,HOSPITAL E MATERNIDADE SANTA MARIA CRUZ AZUL,LINS DE VASCONCELOS,,,,,,,,,CAMBUCI,356,1538900,,-23.548,-46.636
96,HOSPITAL SAO LUIZ JABAQUARA,RUA DAS PEROBAS,,,,,,,,,JABAQUARA,344,4321120,1130467797,-236.436.999,-466.428.989
97,HOSPITAL SANTA CATARINA,PAULISTA,,,,,,,,,BELA VISTA,200,1310000,,"-23,5699","-46,645"
98,HOSP STA VIRGINIA,CELSO GARCIA,,,,,,,,,BELEM,2294,3014000,11 27993171,-235.368.617,-46.590.177.100.000.000
99,HOSPITAL E PRONTO ATENDIMENTO SANCTA MAGGIORE,RUA TAMARATACA,,,,,,,,,MOOCA,127,3119010,40859057,-235.645.215,-465.919.641
100,HOSPITAL SANCTA MAGGIORE,AVENIDA SANTO AMARO,,,,,,,,,VILA NOVA CONCEICAO,22,4506000,40859051,-235.418.703,-466.505.505
101,HOSPITAL E PRONTO ATENDIMENTO SANCTA MAGGIORE,RUA DA FIGUEIRA,,,,,,,,,MOOCA,831,3102010,40859057,-23.552.317,-466.248.795
102,HOSPITAL E PRONTO ATENDIMENTO SANCTA MAGGIORE,RUA MAESTRO CARDIM,,,,,,,,,BELA VISTA,1137,1323001,3269 3200,-23.560.331,-466.399.674
103,HOSPITAL DE CAMPANHA COVID 19 SMS SP ANHEMBI P 38,AV OLAVO FONTOURA,,,,,,,,,SANTANA,1209,2012021,,-23.548,-46.636
104,HOSPITAL PRESIDENTE,AVENIDA NOVA CANTAREIRA,,,,,,,,,TUCURUVI,2398,2340000,22616611,-23.548,-46.636
105,HOSPITAL SAO LUIZ GONZAGA,MICHEL OUCHANA,,,,,,,,,JACANA,94,2276140,,-23.459.506.421.378.500,-4.658.220.291.137.690
106,HOSPITAL DA LUZ 92,RUA AZEVEDO MACEDO,,,,,,,,,VILA MARIANA,92,4013060,(11) 2117-6000,-235.806.193,-466.397.502
107,HOSP ALBERT SABIN,RUA BRIGADEIRO GAVIAO PEIXOTO,,,,,,,,,LAPA,123,5078000,(11)38384655,-23.525,-46.711
108,HOSPITAL DA CRIANCA,RUA DAS PEROBAS,,,,,,,,,JABAQUARA,295,4321120,(11)30467797,-236.430.001,-466.432.177
109,HOSP EDMUNDO VASCONCELOS,RUA BORGES LAGOA,,,,,,,,,VIL CLEMENTINO,1450,4038905,(11) 5080 4000,-23.548,-46.636
110,HOSPITAL NEXT BUTANTA,AV PROF FRANCISCO MORATO,,,,,,,,,BUTANTA,719,5513000,(11)30942300,-23.548,-46.636
111,HOSPITAL ITAQUERA,RUA JOSE OITICICA FILHO,,,,,,,,,ITAQUERA,123,8210510,,-235.366.839,-464.505.148
112,HOSPITAL LUZ SANTO AMARO,RUA BARAO DO RIO BRANCO,,,,,,,,,SANTO AMARO,555,4753001,11-21850500,-236.505.367,-46.714.262
113,MATERNIDADE SANTA JOANA,RUA DO PARAISO,,,,,,,,,PARAISO,432,4103000,115080-6000,-23.574.848,-4.663.865.068.312.900
114,HOSPITAL PAULISTA,RUA DR DIOGO DE FARIA,,,,,,,,,VILA CLEMENTINO,780,4037002,1150878779,-23.595.209.470.150.900,-466.444.006.562.233
115,HOSP RUBEM BERTA,RUBEM BERTA,,,,,,,,,INDIANOPOLIS,1100,4074000,,-23.548,-46.636
116,HOSPITAL PAULISTANO,RUA MARTINIANO DE CARVALHO,,,,,,,,,BELA VISTA,741,1321001,(11) 3016-1000,-235.606.849,-466.413.549
117,HOSPITAL SAMARITANO,RUA CONSELHEIRO BROTERO,,,,,,,,,HIGIENOPOLIS,1486,1232010,(11) 3821-5550,-2.353.907.145,-4.666.202.978.994.050
118,SAO LUIZ UNIDADE ITAIM,RUA DR ALCEU DE CAMPOS RODRIGUES,,,,,,,,,VILA NOVA CONCEICAO,95,4544000,(11)30401100,-2.359.068.825,-466.731.421.336.799
119,UNIDADE REFERENCIADA OSWALDO CRUZ VERGUEIRO,R VERGUEIRO,,,,,,,,,LIBERDADE,17,1504000,113549-0000 R.3077,-23.325,-46.381
120,HOSPITAL INDIANOPOLIS,AVENIDA JANDIRA,,,,,,,,,INDIANOPOLIS,1134,4080006,(11) 98529-2641,-23.612.354.233.060.000,-46.655.777.431.941.100
121,INSTITUTO DE REABILITACAO LUCY MONTORO,RUA JANDIATUBA,,,,,,,,,VILA ANDRADE,580,5716150,(11) 3905-8300,-23.548,-46.636
122,HOSPITAL GERAL DE PEDREIRA,RUA JOAO FRANCISCO DE MOURA,,,,,,,,,VILA CAMPO GRANDE,251,4455170,(11) 5613-5900,-236.807.463,-466.784.764
123,HOSPITAL MATERNIDADE INTERLAGOS,RUA LEONOR ALVIM,,,,,,,,,JD LEBLON,211,4802190,(11)56681232,-23.548,-46.636
124,CAISM PHILIPPE PINEL SAO PAULO,AV RAIMUNDO PEREIRA DE MAGALHAES,,,,,,,,,PIRITUBA,5214,2938000,(11) 3993-8227,-23.548,-46.636
125,CLINICA MEDICA NOSSA SENHORA LURDES,AVENIDA SANATORIO,,,,,,,,,JARDIM BRASIL,149,2238000,(11)69830556,-23.548,-46.636
126,HOSPITAL DO CORACAO,RUA DESEMBARGADOR ELISEU GUILHERME,,,,,,,,,PARAISO,123,4004030,(11)30536611,-23.548,-46.636
127,HOSPITAL E MATERNIDADE SAO RAFAEL SP,ECA DE QUEIROZ,,,,,,,,,VILA MARIANA,391,4011032,11 59085400,-23.579.652.080.106.100,-46.644.558.906.555.100
128,HOSPITAL SAINT PAUL,AVENIDA EUZEBIO MATOSO,,,,,,,,,PINHEIROS,178,5423000,(11)38136000,,
129,ASSOCIACAO NOSSA SENHORA DO PARI,RUA HANEMANN,,,,,,,,,CANINDE,234,3031040,33226500 / 33226501,-23.548,-46.636
130,HOSPITAL HELIOPOLIS UNIDADE DE GESTAO ASSISTENCIAL I,CON XAVIER,,,,,,,,,V HELIOPOLIS,276,4231030,,-23.548,-46.636
131,HOSPITAL SAO CAMILO POMPEIA,AV POMPEIA,,,,,,,,,POMPEIA,1178,5022001,(11)36774503,-235.342.547,-4.668.809.670.000.000
132,HOSPITAL ISRAELITA ALBERT EINSTEIN,AV ALBERT EINSTEIN,,,,,,,,,MORUMBI,627,5652900,(11)37471233,-23.548,-46.636
133,HOSPITAL SBC,BLUMENAU,,,,,,,,,V LEOPOLDINA,320,5319020,011 21972400,-2.353.764.849.288.740,-4.672.830.820.083.610
134,HOSPITAL DIA CIDADE ADEMAR,RUA CORREGO AZUL,,,,,,,,,PEDREIRA,433,4463010,(11) 5555 8594,-236.927.985,-46.656.464
135,HOSPITAL SAO CAMILO SANTANA,DOUTOR LUIS LUSTOSA DA SILVA,,,,,,,,,SANTANA,33,2406040,11 36750035,-23.487.515.039.007.400,-46.626.913.246.953.800
136,HOSPITAL DIA UNO,POTIGUAR MEDEIROS,,,,,,,,,PINHEIROS,111,5422100,11 38199352,-235.675.336,-466.862.323
137,HOSPITAL SANTA PAULA,AVENIDA SANTO AMARO,,,,,,,,,VILA OLIMPIA,2468,4556100,11 30408008,-23.604.776,-46.675.130
138,HOSPITAL AMPARO MATERNAL,RUA LOEFGREEN,,,,,,,,,V CLEMENTINO,1901,4040032,(11)50898277,-23.548,-46.636
139,HOSPITAL LEFORTE,RUA TRES IRMAOS,,,,,,,,,CAXINGUI,121,5615190,1137234700,-23.548,-46.636
140,CERTA CENTRO DE REFERENCIA EM TRATAMENTOS AVANCADOS HOSP,AVENIDA BRIGADEIRO LUIS ANTONIO,,,,,,,,,JARDIM PAULISTA,4605,1401002,,-235.819.352,-466.679.511
141,HOSPITAL SANCTA MAGGIORE,RUA MITUTO MUZUMOTO,,,,,,,,,LIBERDADE,596,1513040,(11)40859550,-23.548,-46.636
142,HOSPITAL GERAL JESUS TEIXEIRA DA COSTA GUAIANASES SAO PAULO,AV MIGUEL ACHIOLE DA FONSECA,,,,,,,,,JARDIM SAO PAULO,135,8461110,(11) 2557-6972,-23.548,-46.636
143,HOSPITAL INFANTIL CANDIDO FONTOURA SAO PAULO,RUA SIQUEIRA BUENO,,,,,,,,,AGUA RASA,1757,3173010,(11) 2603-5343,-23.548,-46.636
144,HOSPITAL SANTA ISABEL,R DR CESARIO MOTA JUNIOR,,,,,,,,,SANTA CECILIA,112,1221900,(11) 3245-5000,-235.427.214,-466.502.345
145,HOSPITAL MUNICIPAL DA BELA VISTA SANTA DULCE DOS POBRES,RUA ANTONIO CARLOS,,,,,,,,,CONSOLACAO,122,1309010,42102970,-234.757.076,-466.974.281
146,HOSPITAL DE CAMPANHA COVID 19 SMS SP ANHEMBI P 35,AVENIDA OLAVO FONTOURA,,,,,,,,,SANTANA,1209,2012021,(11)973138957,-235.162.493,-4.664.516.943.846.530
147,HOSPITAL VILA NOVA STAR,DOUTOR ALCEU DE CAMPOS RODRIGUES,,,,,,,,,VILA NOVA CONCEICAO,126,4544000,(11) 3457-1455,-235.905.923,-466.742.545
148,HOSPITAL E PRONTO ATENDIMENTO SANCTA MAGGIORE PARIS,RUA GENERAL CHAGAS SANTOS,,,,,,,,,VILA DA SAUDE,314,4146050,1140859000,-2.361.825.525,-4.663.209.210.492.660
149,HOSP MUN BRIGADEIRO,AVENIDA BRIGADEIRO LUIS ANTONIO,,,,,,,,,JARDIM PAULISTA,4805,1401002,,-23.548,-46.636
150,HOSPITAL ESTADUAL COVID 19 METROPOLITANO SANTA CECILIA,PRACA MARECHAL DEODORO,,,,,,,,,SANTA CECILIA,151,1150011,(11) 3164-6287,-23.548,-46.636
151,HOSPITAL SAMARITANO PAULISTA,AVENIDA BRIGADEIRO LUIS ANTONIO,,,,,,,,,BELA VISTA,1895,1317002,11 42087287,-23.564.931.208.577.800,-4.664.691.388.607.020
152,HOSPITAL ESTADUAL DE CAMPANHA COVID 19 IBIRAPUERA,RUA ABILIO SOARES,,,,,,,,,PARAISO,1300,4005004,(11) 4148-9070,-23.548,-46.636
153,HOSPITAL MUNICIPAL BRASILANDIA,MICHIHISA MURATA,,,,,,,,,JARDIM MARISTELA,150,2806060,11 33864243,-234.757.076,-466.974.281
154,HUMANA MAGNA,R VERBO DIVINO,,,,,,,,,CHACARA SANTO ANTONI,1227,4719001,(11) 2397-0229,-236.326.261,-467.100.774
155,HOSPITAL SANTA CARMELA,POMPEIA,,,,,,,,,VILA POMPEIA,1326,5022001,11 32241200,-23.535.301.933.606.200,-4.668.888.996.526.150
156,HOSPITAL SANCTA MAGGIORE DUBAI,RUA FRANCISCO TRAMONTANO,,,,,,,,,REAL PARQUE,100,5686902,1140859057,-23.617.749,-467.051.417
157,HOSPITAL VIDAS ALTA COMPLEXIDADE,PROFA MARIA DE LOURDES DE S NOGUEIRA,,,,,,,,,VILA GEA,89,4692000,11 33219450,-23.675.383.452.300.900,-4.668.650.060.892.100
158,HOSPITAL ALVORADA MOEMA,AVENIDA IBIRAPUERA,,,,,,,,,INDIANOPOLIS,1942,4028001,(11) 3375-3258,-2.360.158.052.899.780,-4.666.059.851.005.420
159,HOSP STA CECILIA,PRC MARECHAL DEODORO,,,,,,,,,SANTA CECILIA,149,1150011,38237000,-23.548,-46.636
160,UNIDADE AVANCADA HOSPITAL SALVALUS,RUA HIPODROMO,,,,,,,,,MOOCA,987,3164140,27996500,-235.474.185.696.903,-4.660.681.460.025.130
161,HOSP DOM ALVARENGA,NAZARE,,,,,,,,,IPIRANGA,1361,4263200,,-23.596.356.399.999.900,-4.660.887.429.790.990
162,HOSP VERA CRUZ,R ALTO PARAGUAI,,,,,,,,,J MODELO,362,2238240,11 21987222,-23.548,-46.636
163,HOSP DE CLINICAS J HELENA,RUA ERVA ANDORINHA,,,,,,,,,JARDIM HELENA,123,8090470,(11)65811999,-23.548,-46.636
164,HOSPITAL SANCTA MAGGIORE,RUA CRISTIANO VIANA,,,,,,,,,PINHEIROS,890,5411001,40859195,-235.554.299,-466.796.969
165,UNIDADE AVANCADA EINSTEIN PERDIZES,RUA APIACAS,,,,,,,,,PERDIZES,85,5017020,11 2151-6224,-23.548,-46.636
166,HSANP HOSPITAL,RUA VOLUNTARIOS DA PATRIA,,,,,,,,,SANTANA,2786,2402100,(11) 3405-8200,-234.957.474,-466.282.838
167,HOSPITAL E MATERNIDADE LEONOR MENDES DE BARROS SAO PAULO,AV CELSO GARCIA,,,,,,,,,BELENZINHO,2477,3015000,(11) 6694-4987,-23.548,-46.636
168,HOSPITAL ESTADUAL DE VILA ALPINA ORG SOCIAL SECONCI SAO PAUL,AV FRANCISCO FALCONI,,,,,,,,,VILA ALPINA,1501,3227000,(11) 2318-2100,-23.548,-46.636
169,HOSPITAL REGIONAL SUL SAO PAULO,RUA GENERAL ROBERTO ALVES DE CARVALHO FILHO,,,,,,,,,SANTO AMARO,270,4744000,(11) 5694-8259,-23.548,-46.636
170,CENTRO MEDICO PMESP,AVENIDA NOVA CANTAREIRA,,,,,,,,,TREMEMBE,3659,2341001,(11) 2109-3755,-23.469.156,-46.618.354
171,HOSPITAL DIA DR IVAN VARGAS,AV DR ARNALDO,,,,,,,,,SUMARE,1887,1255000,(11) 96784-8425,-235.519.971,-466.760.379
172,HOSPITAL INFANTIL SABARA UNIDADE 2,AVENIDA ANGELICA,,,,,,,,,HIGIENOPOLIS,1920,1228200,11-31552800,-23.549.246,-46.659.569
173,HOSPITAL E MATERNIDADE VIDAS LTDA,NSRA DE SABARA,,,,,,,,,VILA SANTANA,2375,4685006,11 33219450,-23.674.972,-46.685.624
174,HOSPITAL SANTA CLARA,JOAQUIM MARRA,,,,,,,,,VILA MATILDE,138,3514000,11 39874411,-23.533.310.679.265.200,-4.652.738.395.268.830
175,HOSPITAL PARANAGUA,AVENIDA PARANAGUA,,,,,,,,,VILA PARANAGUA,808,3806000,(11) 2542-4000,-23.498.755.433.163.200,-4.647.743.046.283.720
176,HOSPITAL E PRONTO ATENDIMENTO SANCTA MAGGIORE RUSSIA,AVENIDA PROFESSOR FRANCISCO MORATO,,,,,,,,,BUTANTA,1133,5513100,(11) 40859000,-235.853.458,-467.215.587
177,A C CAMARGO CANCER CENTER UNIDADE PIRES DA MOTA,PIRES DA MOTA,,,,,,,,,ACLIMACAO,1167,1529001,11 21895000,-23.570.713.551.298.900,-4.663.848.638.534.540
178,HOSPITAL PSIQUIATRICO DE VILA MARIANA,RUA MAJOR MARAGLIANO,,,,,,,,,VILA MARIANA,241,4017030,(11) 3466-2100,-23.548,-46.636
179,HOSPITAL GERAL DE SAO MATEUS SAO PAULO,RUA ANGELO DE CANDIA,,,,,,,,,SAO MATEUS,540,3958000,(11) 2014-5148,-23.548,-46.636
180,BP HOSPITAL FILANTROPICO,RUA GENERAL SOCRATES,,,,,,,,,PENHA DE FRANCA,145,3632040,,-23.548,-46.636
181,IBCC UNIDADE JACANA,RUA ROQUE DE PAULA MONTEIRO,,,,,,,,,JACANA,245,2272000,22489950,-23.548,-46.636
182,HOSPITAL GRAACC INSTITUTO DE ONCOLOGIA PEDIATRICA IOP,RUA PEDRO DE TOLEDO,,,,,,,,,VILA CLEMENTINO,572,4039001,(11)50808400,-23.548,-46.636
183,HOSPITAL SANTA ISABEL,R DONA VERIDIANA,,,,,,,,,VILA BUARQUE,311,1238010,(11)2176-1422,-23.542.674.681.744.600,-4.665.078.163.146.970
184,HOSPITAL E MATERNIDADE METROPOLITANO,MARCELINA,,,,,,,,,VILA ROMANA,441,5044010,21 38051000,-23.530.499.859.227.800,-466.971.892.118.454
185,CEMA HOSP ESPEC,RUA PADRE ADELINO,,,,,,,,,QUARTA PARADA,333,3303000,11 26024145,-235.450.186,-46.590.726.599.409.700
186,IBCC,AV ALCANTARA MACHADO,,,,,,,,,MOOCA,2576,3102002,(11) 34744223,-23.547.197.042.922.500,-4.660.032.592.842.180
187,HOSPITAL MILITAR DE AREA DE SAO PAULO,RUA OUVIDOR PORTUGAL,,,,,,,,,CAMBUCI,230,1551000,,-23.569,-46.614
188,SAO LUIZ UNIDADE MORUMBI,RUA ENGENHEIRO OSCAR AMERICANO,,,,,,,,,MORUMBI,840,5673050,(11) 3093- 1100,-23.575.944.975.344.600,-4.663.627.624.511.710
189,HOSPITAL E MATERNIDADE NOSSA SENHORA DO ROSARIO,DR EDSON DE MELO,,,,,,,,,VILA MARIA ALTA,357,2122080,01131552072,-23.548,-46.636
190,ASSOC AACD V CLEMENTINO,AVN PROF ASCENDINO REIS,,,,,,,,,VIL CLEMENTINO,724,4027000,(11)55760883,-23.548,-46.636
191,HOSP MUN TIDE SETUBAL,RUA DR JOSE GUILHERME EIRAS,,,,,,,,,SAO MIGUEL PAULISTA,123,8010220,(11)33948770,-23.548,-46.636
192,HOSPITAL INFANTIL DARCY VARGAS UGA III SAO PAULO,RUA DR SERAFICO DE ASSIS CARVALHO,,,,,,,,,JARDIM GUEDALA,34,4024002,(11)37233700,-23.548,-46.636
193,HOSPITAL A C CAMARGO TAMANDARE,TAMANDARE,,,,,,,,,LIBERDADE,753,1525000,(11)2189-5220,-23.565.442.582.480.200,-4.663.593.292.236.320
194,HOSP SAO LUIZ ANALIA FRANCO,FRANCISCO MARENGO,,,,,,,,,TATUAPE,1312,3313000,(11) 3386-1100,-23.548.920.250.000.000,-46.558.245.248.775.300
195,EYE CLINIC IBIRAPUERA,AVENIDA REPUBLICA DO LIBANO,,,,,,,,,IBIRAPUERA,1034,4502001,(11) 3059-2020,-235.811.267,-466.632.759
196,A C CAMARGO CANCER CENTER,RUA PROFESSOR ANTONIO PRUDENTE,,,,,,,,,LIBERDADE,211,1509900,11 21895220,-23.565.479,-466.379.025
197,CONJUNTO HOSPITALAR DO MANDAQUI SAO PAULO,RUA VOLUNTARIOS DA PATRIA,,,,,,,,,SANTANA,4301,2401400,(11) 2281-5000,-23.548,-46.636
198,ASSOCIACAO HOSPITAL PERSONAL CUIDADOS ESPECIAIS,RUA CAME,,,,,,,,,PARQUE DA MOOCA,1016,3121020,1120293030,-235.668.284,-465.960.781
199,MATERNIDADE SANTA MARIA,LEONCIO DE CARVALHO,,,,,,,,,PARAISO,233,4003010,11 50806000,-2.357.206,-4.664.690
200,HOSP MUN VER JOSE STOROPOLLI,RUA FRANCISCO FANGANIELLO,,,,,,,,,PARQUE NOVO MUNDO,127,2181160,11 22079000,-23.522.177.868.910.800,-4.656.327.334.507.770
201,HOSPITAL GERIATRICO E DE CONVALESCENTES D PEDRO II,AV GUAPIRA,,,,,,,,,JACANA,2674,2265002,(11)21761200,-23.466.661.367.495.900,-4.658.378.005.027.770
202,INST SUEL ABUJAMRA,RUA TAMANDARE,,,,,,,,,ACLIMACAO,693,1525001,11 37773026,-23.564.767.384.924.300,-4.663.559.652.968.130
203,PREMIER RESIDENCE HOSPITAL,RUA JURUBATUBA,,,,,,,,,VILA CORDEIRO,461,4583100,5090 5000,-2.361.517.400.933.260,-4.669.410.467.147.820
204,HOSPITAL NIPO BRASILEIRO,RUA PISTOIA,,,,,,,,,PARQUE NOVO MUNDO,100,2189000,(11)26332200,-235.080.145,-46.568.621.500.000.000
205,HC DA FMUSP HOSPITAL DAS CLINICAS SAO PAULO,RUA DR OVIDIO PIRES DE CAMPOS,,,,,,,,,CERQUEIRA CESAR,225,5403010,(11)3087-5456,-23.556.591.599.413.400,-46.672.325.134.277.300
206,JML SERVICOS HOSPITALARES,RUA JOSE MARIA LISBOA,,,,,,,,,JARDIM PAULISTA,659,1423001,(11) 2012-4451,-235.676.438,-46.658.462
207,HOSPITAL SAO CAMILO POMPEIA 2,RUA BARAO DO BANANAL,,,,,,,,,VILA POMPEIA,1086,5024000,(11) 3677 4444,-23.533.699.209.757.100,-4.668.907.821.178.430
208,HOSPITAL DIA SANTO AMARO,AV ADOLFO PINHEIRO,,,,,,,,,SANTO AMARO,339,4753060,11 55556767,-23.649.689,-46.704.271
209,HOSPITAL SILVIO ROMERO,RUA FERNANDES PINHEIRO,,,,,,,,,VILA AZEVEDO,268,3308060,(11) 2227-9040,-235.418.774,-465.719.665
210,HOSPITAL CENTRAL DE GUAIANASES,RUA CABO JOSE TEIXEIRA,,,,,,,,,GUAIANAZES,189,8451010,(11) 25515151,-2.353.790.175,-464.031.351.868.007
211,HOSPITAL GREEN HILL,RUA BOM PASTOR,,,,,,,,,IPIRANGA,905,4203050,11 45069888,-23.548,-46.636
212,HOSPITAL BOSQUE DA SAUDE,AV BOSQUE DA SAUDE,,,,,,,,,SAUDE,1926,4142082,55917505,-23.613.287.670.536.800,-46.620.307.788.740.000
213,HOSPITAL DA CRUZ VERMELHA BRASILEIRA,AVENIDA MOREIRA GUIMARAES,,,,,,,,,INDIANOPOLIS,699,4074031,5056-8674/5056-8710,-23.548,-46.636
214,INSTITUTO DANTE PAZZANESE DE CARDIOLOGIA IDPC SAO PAULO,AV DR DANTE PAZZANESE,,,,,,,,,IBIRAPUERA,500,4012180,(11) 5549-1538,-23.548,-46.636
215,HOSPITAL SAO CAMILO IPIRANGA,POUSO ALEGRE,,,,,,,,,IPIRANGA,1,4261030,11 20667000,-235.828.696,-466.117.035
216,HOSPITAL ADVENTISTA DE SAO PAULO,ROCHA POMBO,,,,,,,,,LIBERDADE,49,1525010,,-235.635.872,-466.352.581
217,INSTITUTO VIDA E SAUDE,RUA FERNANDES PINHEIRO,,,,,,,,,TATUAPE,268,3308060,11 22279040,-235.418.774,-465.719.665
218,HOSPITAL E MATERNIDADE JARDINS LTDA,ARTUR DE AZEVEDO,,,,,,,,,PINHEIROS,1659,5404014,,-23.548,-46.636
219,HOSP IGESP PAULISTA,SILVIA,,,,,,,,,BELA VISTA,276,1331010,,-232.681.564,-467.329.013
220,HOSPITAL OSWALDO CRUZ,RUA JOAO JULIAO,,,,,,,,,PARAISO,331,1323020,(11)3549-1907,-23.325,-46.381
221,HOSPITAL SIRIO LIBANES,RUA DONA ADMA JAFET,,,,,,,,,CERQUEIRA CESAR,91,1308050,1133943801,-2.355.714.234.464.360,-46.654.343.605.041.500
222,HOSP MAT SAO CRISTOVAO,RUA AMERICO VENTURA,,,,,,,,,ALTO DA MOOCA,123,3128020,11 20297416,-23.548,-46.636
223,HOSP 9 DE JULHO,RUA PEIXOTO GOMIDE,,,,,,,,,BELA VISTA,625,1409902,(11)32533411,-235.595.206,-466.557.905
224,HOSPITAL CENTRAL DO TATUAPE,PADRE ADELINO,,,,,,,,,IV PARADA,901,3303000,11 20620000,-235.440.866,-465.850.511
225,DAY HOSPITAL DE ERMELINO MATARAZZO,AV ABEL TAVARES,,,,,,,,,ERMELINO MATARAZZO,2576,3810110,(11) 3488-5400,-23.485,-46.481
226,HOSP INDEPENDENCIA,RUA URUCURANA,,,,,,,,,JARDIM PEDRO JOSE NU,1,8061100,(11)20306000,-23.548,-46.636
227,HOSP MAT 8 DE MAIO,RUA RAFAEL MONTEIRO VALEIRO,,,,,,,,,ITAIM PAULISTA,18,8140020,(11)65610908,-23.548,-46.636
228,MASTER CLIN,RUA DR GALVAO GUIMARAES,,,,,,,,,SAO MATEUS,72,3970040,11 2177-4444,-23.548,-46.636
229,HOSP MUN PIRITUBA JOSE SOARES HUNGRIA,MENOTTI LAUDISIO,,,,,,,,,PIRITUBA,100,2945000,,-2.348.665,-4.672.841
230,ASSOCIACAO HOSPITALAR SAO MIGUEL,RUA ABEL TAVARES,,,,,,,,,JARDIM BELEM,21,3810110,(11) 2956-9022,-234.862.481,-464.741.743
231,HOSPITAL SAINT PATRICK PORTINARI,PC GAL GUIMARAES,,,,,,,,,VILA JAGUARA,77,5114110,1138819246,-235.084.478,-467.534.847
232,CEMED CORTA VENTO,R CORTA VENTO,,,,,,,,,TATUAPE,28,3313010,(11) 3386-1400,-23.549.356,-465.588.729
233,ICONE DA VISAO,AVENIDA CIDADE JARDIM,,,,,,,,,ITAIM BIBI,163,1453000,40002662,-23.578.382.894.600.400,-4.668.212.708.835.530
234,HOSPITAL VILA NOVA STAR II,R DR ALCEU DE CAMPOS RODRIGUES,,,,,,,,,VILA NOVA CONCEICAO,95,4544000,(11) 3040-1455,-2.359.068.825,-466.731.421.336.799
235,HSM VERGUEIRO,VERGUEIRO,,,,,,,,,LIBERDADE,17,1504001,11 35490032,-2.356.191,-4.663.821
236,ASSOCIACAO HOSPITALAR PLATINUM,R GUAIPA,,,,,,,,,VILA LEOPOLDINA,509,5089001,,-23.521.191.564.036.700,-46.727.119.735.097.900
